agency code,property type,loan purpose,loan amount,county,applicant race 1,sex,hoepa status,lien status,loan type modified,income cleaned,income loan ratio,Lender
0.0008337230351292984,-0.16769099051939118,-0.08670140961185815,4.503111447352223e-05,3.241337900207836e-05,0.023831969782978527,-0.029545714454497992,9.71445146547012e-17,-0.17038584554348074,0.0890628065096653,5.82087180445958e-05,-0.0003307326862996044,3 lenders
0.0,-0.19267773330707177,-0.11517703234271022,0.00016441399231590777,-2.2840748517806888e-05,0.030842979176707315,-0.03866502084897748,0.0,-0.17647500792992207,0.06300928910077605,-1.3651669520404209e-06,-0.00033739736486968294,usbank
0.0,-0.20069698370922887,-0.08532187659389147,-5.084644553531722e-05,2.235730248051077e-05,0.01916623052609824,-0.02803365508589354,-1.3877787807814457e-16,-0.18898684137056215,0.0754008799987586,0.00014131641251509446,-0.000444604220379492,wells
0.0,-1.0603497246908233e-16,-0.03700207469781783,0.00012840062240634527,-5.527232835315127e-05,0.0045543720671407575,-0.013600192502489864,2.7755575615628914e-17,-6.938893903907228e-18,0.12454332481620979,-0.0004077649240930693,-0.00022884961872208996,quicken
