score,feature
0.0890628065096653,loan type modified
0.023831969782978527,applicant race 1
0.0008337230351292984,agency code
5.82087180445958e-05,income cleaned
4.503111447352223e-05,loan amount
3.241337900207836e-05,county
9.71445146547012e-17,hoepa status
-0.0003307326862996044,income loan ratio
-0.029545714454497992,sex
-0.08670140961185815,loan purpose
-0.16769099051939118,property type
-0.17038584554348074,lien status
