score,lender
0.7777647335055178,all
0.7640239341810022,usbank
0.8255534809282475,wells
0.7304389312977099,quicken
