score,lender
0.7531110589340221,all
0.7531787584143605,usbank
0.8058148839690584,wells
0.6750954198473282,quicken
